<?xml version="1.0" encoding="UTF-8" ?>
<!DOCTYPE mapper
PUBLIC "-//mybatis.org//DTD Mapper 3.0//EN"
"http://mybatis.org/dtd/mybatis-3-mapper.dtd">
<mapper namespace="com.ruoyi.farm.mapper.OrdersMapper">
    
    <resultMap type="Orders" id="OrdersResult">
        <result property="orderid"    column="orderId"    />
        <result property="customerid"    column="customerId"    />
        <result property="goodsid"    column="goodsId"    />
        <result property="shippingaddress"    column="shippingAddress"    />
        <result property="price"    column="price"    />
        <result property="orderstatus"    column="orderStatus"    />
        <result property="updateTime"    column="update_time"    />
        <result property="createTime"    column="create_time"    />
    </resultMap>

    <sql id="selectOrdersVo">
        select orderId, customerId, goodsId, shippingAddress, price, orderStatus, update_time, create_time from orders
    </sql>

    <select id="selectOrdersList" parameterType="Orders" resultMap="OrdersResult">
        <include refid="selectOrdersVo"/>
        <where>  
            <if test="customerid != null  and customerid != ''"> and customerId = #{customerid}</if>
            <if test="goodsid != null  and goodsid != ''"> and goodsId = #{goodsid}</if>
            <if test="shippingaddress != null  and shippingaddress != ''"> and shippingAddress = #{shippingaddress}</if>
            <if test="price != null "> and price = #{price}</if>
            <if test="orderstatus != null "> and orderStatus = #{orderstatus}</if>
        </where>
    </select>
    
    <select id="selectOrdersByOrderid" parameterType="String" resultMap="OrdersResult">
        <include refid="selectOrdersVo"/>
        where orderId = #{orderid}
    </select>
        
    <insert id="insertOrders" parameterType="Orders">
        insert into orders
        <trim prefix="(" suffix=")" suffixOverrides=",">
            <if test="orderid != null">orderId,</if>
            <if test="customerid != null and customerid != ''">customerId,</if>
            <if test="goodsid != null and goodsid != ''">goodsId,</if>
            <if test="shippingaddress != null and shippingaddress != ''">shippingAddress,</if>
            <if test="price != null">price,</if>
            <if test="orderstatus != null">orderStatus,</if>
            <if test="updateTime != null">update_time,</if>
            <if test="createTime != null">create_time,</if>
         </trim>
        <trim prefix="values (" suffix=")" suffixOverrides=",">
            <if test="orderid != null">#{orderid},</if>
            <if test="customerid != null and customerid != ''">#{customerid},</if>
            <if test="goodsid != null and goodsid != ''">#{goodsid},</if>
            <if test="shippingaddress != null and shippingaddress != ''">#{shippingaddress},</if>
            <if test="price != null">#{price},</if>
            <if test="orderstatus != null">#{orderstatus},</if>
            <if test="updateTime != null">#{updateTime},</if>
            <if test="createTime != null">#{createTime},</if>
         </trim>
    </insert>

    <update id="updateOrders" parameterType="Orders">
        update orders
        <trim prefix="SET" suffixOverrides=",">
            <if test="customerid != null and customerid != ''">customerId = #{customerid},</if>
            <if test="goodsid != null and goodsid != ''">goodsId = #{goodsid},</if>
            <if test="shippingaddress != null and shippingaddress != ''">shippingAddress = #{shippingaddress},</if>
            <if test="price != null">price = #{price},</if>
            <if test="orderstatus != null">orderStatus = #{orderstatus},</if>
            <if test="updateTime != null">update_time = #{updateTime},</if>
            <if test="createTime != null">create_time = #{createTime},</if>
        </trim>
        where orderId = #{orderid}
    </update>

    <delete id="deleteOrdersByOrderid" parameterType="String">
        delete from orders where orderId = #{orderid}
    </delete>

    <delete id="deleteOrdersByOrderids" parameterType="String">
        delete from orders where orderId in 
        <foreach item="orderid" collection="array" open="(" separator="," close=")">
            #{orderid}
        </foreach>
    </delete>
</mapper>