<?xml version="1.0" encoding="UTF-8" ?>
<!DOCTYPE mapper
PUBLIC "-//mybatis.org//DTD Mapper 3.0//EN"
"http://mybatis.org/dtd/mybatis-3-mapper.dtd">
<mapper namespace="com.ruoyi.Greenfarm.mapper.TzSysMenuMapper">
    
    <resultMap type="TzSysMenu" id="TzSysMenuResult">
        <result property="menuId"    column="menu_id"    />
        <result property="parentId"    column="parent_id"    />
        <result property="name"    column="name"    />
        <result property="url"    column="url"    />
        <result property="perms"    column="perms"    />
        <result property="type"    column="type"    />
        <result property="icon"    column="icon"    />
        <result property="orderNum"    column="order_num"    />
    </resultMap>

    <sql id="selectTzSysMenuVo">
        select menu_id, parent_id, name, url, perms, type, icon, order_num from tz_sys_menu
    </sql>

    <select id="selectTzSysMenuList" parameterType="TzSysMenu" resultMap="TzSysMenuResult">
        <include refid="selectTzSysMenuVo"/>
        <where>  
            <if test="parentId != null "> and parent_id = #{parentId}</if>
            <if test="name != null  and name != ''"> and name like concat('%', #{name}, '%')</if>
            <if test="url != null  and url != ''"> and url = #{url}</if>
            <if test="perms != null  and perms != ''"> and perms = #{perms}</if>
            <if test="type != null "> and type = #{type}</if>
            <if test="icon != null  and icon != ''"> and icon = #{icon}</if>
            <if test="orderNum != null "> and order_num = #{orderNum}</if>
        </where>
    </select>
    
    <select id="selectTzSysMenuByMenuId" parameterType="Long" resultMap="TzSysMenuResult">
        <include refid="selectTzSysMenuVo"/>
        where menu_id = #{menuId}
    </select>
        
    <insert id="insertTzSysMenu" parameterType="TzSysMenu" useGeneratedKeys="true" keyProperty="menuId">
        insert into tz_sys_menu
        <trim prefix="(" suffix=")" suffixOverrides=",">
            <if test="parentId != null">parent_id,</if>
            <if test="name != null">name,</if>
            <if test="url != null">url,</if>
            <if test="perms != null">perms,</if>
            <if test="type != null">type,</if>
            <if test="icon != null">icon,</if>
            <if test="orderNum != null">order_num,</if>
         </trim>
        <trim prefix="values (" suffix=")" suffixOverrides=",">
            <if test="parentId != null">#{parentId},</if>
            <if test="name != null">#{name},</if>
            <if test="url != null">#{url},</if>
            <if test="perms != null">#{perms},</if>
            <if test="type != null">#{type},</if>
            <if test="icon != null">#{icon},</if>
            <if test="orderNum != null">#{orderNum},</if>
         </trim>
    </insert>

    <update id="updateTzSysMenu" parameterType="TzSysMenu">
        update tz_sys_menu
        <trim prefix="SET" suffixOverrides=",">
            <if test="parentId != null">parent_id = #{parentId},</if>
            <if test="name != null">name = #{name},</if>
            <if test="url != null">url = #{url},</if>
            <if test="perms != null">perms = #{perms},</if>
            <if test="type != null">type = #{type},</if>
            <if test="icon != null">icon = #{icon},</if>
            <if test="orderNum != null">order_num = #{orderNum},</if>
        </trim>
        where menu_id = #{menuId}
    </update>

    <delete id="deleteTzSysMenuByMenuId" parameterType="Long">
        delete from tz_sys_menu where menu_id = #{menuId}
    </delete>

    <delete id="deleteTzSysMenuByMenuIds" parameterType="String">
        delete from tz_sys_menu where menu_id in 
        <foreach item="menuId" collection="array" open="(" separator="," close=")">
            #{menuId}
        </foreach>
    </delete>
</mapper>